{"cameraMode":{"drawMode":0,"name":"Shaded","section":"Shading Mode"},"sceneLighting":true,"audioPlay":false,"sceneViewState":{"showFog":false,"showMaterialUpdate":false,"showSkybox":false,"showFlares":false,"showImageEffects":false,"showParticleSystems":false},"in2DMode":false,"pivot":{"x":-5.570797443389893,"y":-7.218867301940918,"z":18.271610260009767},"rotation":{"x":-0.10955730825662613,"y":-0.024749521166086198,"z":0.0027368925511837007,"w":-0.9936850666999817},"size":19.855865478515626,"orthographic":false}