{"cameraMode":{"drawMode":0,"name":"Shaded","section":"Shading Mode"},"sceneLighting":true,"audioPlay":false,"sceneViewState":{"showFog":false,"showMaterialUpdate":false,"showSkybox":false,"showFlares":false,"showImageEffects":false,"showParticleSystems":false},"in2DMode":false,"pivot":{"x":0.24977365136146546,"y":1.4689624309539796,"z":-1.7454042434692383},"rotation":{"x":0.021305639296770097,"y":-0.015000468119978905,"z":0.0003200935898348689,"w":0.9996660351753235},"size":14.195486068725586,"orthographic":false}