{"cameraMode":{"drawMode":0,"name":"Shaded","section":"Shading Mode"},"sceneLighting":true,"audioPlay":false,"sceneViewState":{"showFog":false,"showMaterialUpdate":false,"showSkybox":false,"showFlares":false,"showImageEffects":false,"showParticleSystems":false},"in2DMode":false,"pivot":{"x":-2.6303539276123049,"y":-0.7014449834823608,"z":1.2994670867919922},"rotation":{"x":-0.03013048879802227,"y":-0.10714836418628693,"z":0.0032573738135397436,"w":-0.9937969446182251},"size":22.521183013916017,"orthographic":false}