{"cameraMode":{"drawMode":0,"name":"Shaded","section":"Shading Mode"},"sceneLighting":true,"audioPlay":false,"sceneViewState":{"showFog":false,"showMaterialUpdate":false,"showSkybox":false,"showFlares":false,"showImageEffects":false,"showParticleSystems":false},"in2DMode":false,"pivot":{"x":2.153536558151245,"y":-0.2035636454820633,"z":4.486939907073975},"rotation":{"x":-0.26812490820884707,"y":0.3433419466018677,"z":-0.10294738411903382,"w":-0.8942261934280396},"size":19.925817489624025,"orthographic":false}