{"cameraMode":{"drawMode":0,"name":"Shaded","section":"Shading Mode"},"sceneLighting":true,"audioPlay":false,"sceneViewState":{"showFog":false,"showMaterialUpdate":false,"showSkybox":false,"showFlares":false,"showImageEffects":false,"showParticleSystems":false},"in2DMode":false,"pivot":{"x":0.41455376148223879,"y":0.44934898614883425,"z":-0.9846315383911133},"rotation":{"x":0.001809538109228015,"y":0.002995647955685854,"z":-0.0000050294402171857658,"w":0.999999463558197},"size":11.5254487991333,"orthographic":false}