{"cameraMode":{"drawMode":0,"name":"Shaded","section":"Shading Mode"},"sceneLighting":true,"audioPlay":false,"sceneViewState":{"showFog":false,"showMaterialUpdate":false,"showSkybox":false,"showFlares":false,"showImageEffects":false,"showParticleSystems":false},"in2DMode":false,"pivot":{"x":2.7026257514953615,"y":0.7939919233322144,"z":36.94701385498047},"rotation":{"x":0.005683718714863062,"y":-0.04738447070121765,"z":-0.00026408678968437016,"w":-0.9988783001899719},"size":57.54719161987305,"orthographic":false}